{
  "project_info": {
    "project_number": "730571210435",
    "project_id": "mytrackerapp-e290a",
    "storage_bucket": "mytrackerapp-e290a.appspot.com"
  },
  "client": [
    {
      "client_info": {
        "mobilesdk_app_id": "1:730571210435:android:d23618757b0ad525b86c76",
        "android_client_info": {
          "package_name": "com.track.app"
        }
      },
      "oauth_client": [],
      "api_key": [
        {
          "current_key": "AIzaSyDxf7VZyTOOuyab-JqlkGVzr7Vg0FPxgAQ"
        }
      ],
      "services": {
        "appinvite_service": {
          "other_platform_oauth_client": []
        }
      }
    }
  ],
  "configuration_version": "1"
}